 accuracy , hidden dimensions , batchsize , epochs , vocab size , layers ,  dropout, time
 76.00472813238771, 64, 4, 1, 25000, 2, 0.5, 140.289714
 75.9491030454735, 128, 4, 1, 25000, 2, 0.5, 142.927711
 76.0499235155055, 256, 4, 1, 25000, 2, 0.5, 174.56616199999996
 76.32457238214435, 256, 4, 1, 25000, 2, 0.5, 171.85448100000002
 74.93743047830922, 256, 8, 1, 25000, 2, 0.5, 98.93095500000004
 75.12168187646505, 256, 12, 1, 25000, 2, 0.5, 74.59373800000003
 76.43234598804061, 256, 4, 1, 25000, 2, 0.5, 174.59823200000005
 76.09164233069114, 256, 4, 1, 25000, 3, 0.5, 248.21067600000015
